{
  "list": [
    {
      "name": "manasteel",
      "harvestLevel": 3,
      "maxUses": 300,
      "efficiency": 6.2,
      "damage": 2.0,
      "enchantability": 20,
      "color": "3389ff",
      "shiny": true,
      "ingredientString": "ore:ingotManasteel",
      "langKey": "material.athenaeum.manasteel",
      "oreDictKey": "artisansToolManasteel"
    },
    {
      "name": "elementium",
      "harvestLevel": 3,
      "maxUses": 720,
      "efficiency": 6.2,
      "damage": 2.0,
      "enchantability": 20,
      "color": "f15cae",
      "shiny": true,
      "ingredientString": "ore:ingotElvenElementium",
      "langKey": "material.athenaeum.elementium",
      "oreDictKey": "artisansToolElementium"
    },
    {
      "name": "terrasteel",
      "harvestLevel": 4,
      "maxUses": 2300,
      "efficiency": 9.0,
      "damage": 3.0,
      "enchantability": 26,
      "color": "53f900",
      "shiny": true,
      "ingredientString": "ore:ingotTerrasteel",
      "langKey": "material.athenaeum.terrasteel",
      "oreDictKey": "artisansToolTerrasteel"
    }
  ]
}