[
    {
        "mode": "ADD",
        "result": "draconicevolution:draconium_block,1,1", 
        "catalyst": "extendedcrafting:storage,1,6", 
        "energy": 800000,
        "tier": 0,
        "ingredients": [
            "draconicevolution:draconium_block", 
            "draconicevolution:draconic_core",
            "extendedcrafting:storage,1,4", 
            "actuallyadditions:block_crystal,1,4", 
            "actuallyadditions:block_crystal,1,4", 
            "taiga:vibranium_block", 
            "nuclearcraft:ingot_block,1,9", 
            "taiga:adamant_block", 
            "galacticraftplanets:mars,1,8", 
            "minecraft:diamond_block"
        ]
    },
    {
        "mode": "ADD",
        "result": "draconicevolution:awakened_core", 
        "catalyst": "draconicevolution:draconium_block,1,1", 
        "energy": 1000000,
        "tier": 1,
        "ingredients": [
            "draconicevolution:wyvern_core", 
            "draconicevolution:wyvern_core",
            "draconicevolution:wyvern_core", 
            "draconicevolution:wyvern_core", 
            "draconicevolution:draconic_block", 
            "taiga:vibranium_block", 
            "minecraft:nether_star", 
            "taiga:adamant_block", 
            "extendedcrafting:storage,1,6", 
            "minecraft:diamond_block"
        ]
    },
    {
        "mode": "ADD",
        "result": "draconicevolution:draconic_block,4",
        "catalyst": "draconicevolution:draconium_block,6,0",
        "energy": 300000000,
        "tier": 1,
        "ingredients": [
            "draconicevolution:draconium_block,1,1",
            "draconicevolution:draconic_core",
            "draconicevolution:draconic_core",
            "draconicevolution:draconic_core",
            "taiga:adamant_block",
            "extendedcrafting:storage,1,6",
            "draconicevolution:dragon_heart",
            "extendedcrafting:singularity_custom,1,3",
	    "actuallyadditions:block_crystal_empowered,1,2",
	    "extendedcrafting:storage,1,4"
        ]
    },
    {
        "mode": "REMOVE",
        "result": "draconicevolution:draconic_block",
        "catalyst": "draconicevolution:draconium_block"
    },
    {
        "mode": "REMOVE",
        "result": "draconicevolution:awakened_core",
        "catalyst": "minecraft:nether_star"
    }
]






